--
-- PostgreSQL database dump
--

-- Dumped from database version 17.2
-- Dumped by pg_dump version 17.2

-- Started on 2025-01-24 12:55:10

SET statement_timeout = 0;
SET lock_timeout = 0;
SET idle_in_transaction_session_timeout = 0;
SET transaction_timeout = 0;
SET client_encoding = 'UTF8';
SET standard_conforming_strings = on;
SELECT pg_catalog.set_config('search_path', '', false);
SET check_function_bodies = false;
SET xmloption = content;
SET client_min_messages = warning;
SET row_security = off;

--
-- TOC entry 4805 (class 0 OID 24576)
-- Dependencies: 217
-- Data for Name: books; Type: TABLE DATA; Schema: public; Owner: postgres
--

COPY public.books (id, title, author, published_year, stock, isbn, created_at, updated_at) FROM stdin;
2346aa50-87d3-4b96-8045-aa5226148071	The Great Gatsby	F. Scott Fitzgerald	1925	5	9780743273565	2025-01-23 19:58:41.217645	2025-01-23 19:58:41.217645
aadc0aa4-2d78-447e-916a-c16f2b60800c	To Kill a Mockingbird	Harper Lee	1960	3	9780446310789	2025-01-23 19:58:41.217645	2025-01-23 19:58:41.217645
29847315-e960-4b30-ab96-b4f90b2c8607	Pride and Prejudice	Jane Austen	1813	6	9780141439518	2025-01-23 19:58:41.217645	2025-01-23 19:58:41.217645
7b03938a-4247-4d0b-b381-33536b45a701	The Catcher in the Rye	J.D. Salinger	1951	3	9780316769488	2025-01-23 19:58:41.217645	2025-01-23 19:58:41.217645
148a955a-9710-4908-a335-fdd48abe21b2	The Hobbit	J.R.R. Tolkien	1937	7	9780547928227	2025-01-23 19:58:41.217645	2025-01-23 19:58:41.217645
dc47e109-4d8e-48d1-99cd-5f760bca0fa6	The Alchemist	Paulo Coelho	1988	5	9780062315007	2025-01-23 19:58:41.217645	2025-01-23 19:58:41.217645
7de4f213-6bdf-45bf-957a-01a4658b472a	The Little Prince	Antoine de Saint-Exupéry	1943	8	9780156012195	2025-01-23 19:58:41.217645	2025-01-23 19:58:41.217645
ddbdff5e-7f46-48b3-8e52-1523f91d6d3a	The Lord of the Rings	J.R.R. Tolkien	1954	6	9780618640157	2025-01-23 19:58:41.217645	2025-01-23 19:58:41.217645
2bf5d7da-007b-4b31-b3a7-c9a31a050def	The Chronicles of Narnia	C.S. Lewis	1950	5	9780066238501	2025-01-23 19:58:41.217645	2025-01-23 19:58:41.217645
e3601a90-44c0-4b7a-a5fb-ede88b9535e1	One Hundred Years of Solitude	Gabriel García Márquez	1967	3	9780060883287	2025-01-23 19:58:41.217645	2025-01-23 19:58:41.217645
5fd75d3a-224a-4b9f-9265-350e8fb2a0e1	The Hunger Games	Suzanne Collins	2008	6	9780439023481	2025-01-23 19:58:41.217645	2025-01-23 19:58:41.217645
d3a1838a-c4d2-41b6-b6d7-e54b2e82edee	The Road	Cormac McCarthy	2006	4	9780307387899	2025-01-23 19:58:41.217645	2025-01-23 19:58:41.217645
1a718bda-c03c-4609-8fa1-0b6752446a33	The Kite Runner	Khaled Hosseini	2003	5	9781594631931	2025-01-23 19:58:41.217645	2025-01-23 19:58:41.217645
2ff6e65a-9fec-4263-ae52-8fae82309c4b	The Girl with the Dragon Tattoo	Stieg Larsson	2005	4	9780307949486	2025-01-23 19:58:41.217645	2025-01-23 19:58:41.217645
0cdc72a2-dde5-46fc-8e01-3d1c37ded926	The Book Thief	Markus Zusak	2005	6	9780375842207	2025-01-23 19:58:41.217645	2025-01-23 19:58:41.217645
7b0ba21d-a124-4d52-b76a-a869e42db5d5	Life of Pi	Yann Martel	2001	5	9780156027328	2025-01-23 19:58:41.217645	2025-01-23 19:58:41.217645
aaf42915-12f0-4e35-a1e8-62a4359b07ef	1984	George Orwell	1949	4	9780451524935	2025-01-23 19:58:41.217645	2025-01-23 19:58:41.217645
e4139dc6-3a86-4ed2-a791-ab8c680c90ec	The Da Vinci Code	Dan Brown	2003	0	9780307474278	2025-01-23 19:58:41.217645	2025-01-23 19:58:41.217645
d1118e87-2632-4985-80ac-e1b2d95222f6	Harry Potter and the Sorcerers Stone	J.K. Rowling	1997	7	9780590353427	2025-01-23 19:58:41.217645	2025-01-23 19:58:41.217645
1b14245b-4f4b-4f84-8cfa-02d50d30dd9a	Brave New World	Aldous Huxley	1932	5	9780060850524	2025-01-23 19:58:41.217645	2025-01-23 19:58:41.217645
\.


--
-- TOC entry 4806 (class 0 OID 24589)
-- Dependencies: 218
-- Data for Name: members; Type: TABLE DATA; Schema: public; Owner: postgres
--

COPY public.members (id, name, email, phone, address, created_at, updated_at) FROM stdin;
fa811ca8-c11b-4573-9641-7d2654eee092	John Doe	john.doe@email.com	081234567890	123 Main St, City	2025-01-23 19:58:41.217645	2025-01-23 19:58:41.217645
af36cd7f-91f5-4667-a2d3-75f31fe54774	Jane Smith	jane.smith@email.com	081234567891	456 Oak Ave, Town	2025-01-23 19:58:41.217645	2025-01-23 19:58:41.217645
b4bd0f62-16c2-4def-a032-17c2abd0aea6	Robert Johnson	robert.j@email.com	081234567892	789 Pine Rd, Village	2025-01-23 19:58:41.217645	2025-01-23 19:58:41.217645
5d9c8722-f754-49d2-a2f5-58f70fc9cb12	Mary Williams	mary.w@email.com	081234567893	321 Elm St, Borough	2025-01-23 19:58:41.217645	2025-01-23 19:58:41.217645
a012b923-b5fc-4643-821d-83d6d6131e9c	Michael Brown	michael.b@email.com	081234567894	654 Maple Dr, District	2025-01-23 19:58:41.217645	2025-01-23 19:58:41.217645
20c7d2de-65e9-425f-83e0-b68f24369024	Sarah Davis	sarah.d@email.com	081234567895	987 Cedar Ln, County	2025-01-23 19:58:41.217645	2025-01-23 19:58:41.217645
b81c35c9-3566-49fc-ae38-a6fcd409871e	James Wilson	james.w@email.com	081234567896	147 Birch Ave, State	2025-01-23 19:58:41.217645	2025-01-23 19:58:41.217645
d6d393d8-08ec-418d-a0fa-da9890041c67	Emily Taylor	emily.t@email.com	081234567897	258 Spruce St, Province	2025-01-23 19:58:41.217645	2025-01-23 19:58:41.217645
78342026-f343-4e3c-a2ce-eae20597250f	David Anderson	david.a@email.com	081234567898	369 Ash Rd, Territory	2025-01-23 19:58:41.217645	2025-01-23 19:58:41.217645
4127c0f5-326f-4177-96a2-13353ea4ff83	Lisa Thomas	lisa.t@email.com	081234567899	741 Walnut Ct, Region	2025-01-23 19:58:41.217645	2025-01-23 19:58:41.217645
5cfb0f6b-0851-4e77-afb1-f4790fc13667	Kevin Martin	kevin.m@email.com	081234567800	852 Cherry Ln, Area	2025-01-23 19:58:41.217645	2025-01-23 19:58:41.217645
49eb75b0-6c5a-455a-895e-fdbac851c030	Jennifer White	jennifer.w@email.com	081234567801	963 Palm Ave, Zone	2025-01-23 19:58:41.217645	2025-01-23 19:58:41.217645
a983f88d-dd67-49c6-b070-9fbdd6cfac46	Christopher Lee	chris.l@email.com	081234567802	159 Beach Rd, Sector	2025-01-23 19:58:41.217645	2025-01-23 19:58:41.217645
640952c4-050a-458f-95c0-af5110db544c	Amanda Clark	amanda.c@email.com	081234567803	357 Coast St, District	2025-01-23 19:58:41.217645	2025-01-23 19:58:41.217645
9daf0589-8a11-43c0-abe3-214b721b0dcc	Daniel Martinez	daniel.m@email.com	081234567804	468 River Dr, County	2025-01-23 19:58:41.217645	2025-01-23 19:58:41.217645
db29f201-c368-41ba-a53d-575756447182	Michelle Garcia	michelle.g@email.com	081234567805	789 Lake Ave, State	2025-01-23 19:58:41.217645	2025-01-23 19:58:41.217645
8338b516-9c6e-4479-bd58-69fea6a8c401	Andrew Robinson	andrew.r@email.com	081234567806	951 Ocean Blvd, Province	2025-01-23 19:58:41.217645	2025-01-23 19:58:41.217645
c522e8b5-9d8a-4264-8b65-6395807e1bd4	Patricia Rodriguez	patricia.r@email.com	081234567807	753 Bay St, Territory	2025-01-23 19:58:41.217645	2025-01-23 19:58:41.217645
9005fc78-12c2-48af-9edf-2a049a0cbefb	Joseph Hall	joseph.h@email.com	081234567808	246 Harbor Rd, Region	2025-01-23 19:58:41.217645	2025-01-23 19:58:41.217645
4d844108-f560-4cd0-b622-590e42dd1d60	Nicole King	nicole.k@email.com	081234567809	135 Port Ave, Area	2025-01-23 19:58:41.217645	2025-01-23 19:58:41.217645
de92d0e7-325a-4981-a371-dbe6057114b9	diffa	diffa@gmail.com	08652356	Jl. Jembatan Mampang	2025-01-24 00:57:29.610126	2025-01-24 00:57:29.610126
\.


--
-- TOC entry 4807 (class 0 OID 24601)
-- Dependencies: 219
-- Data for Name: borrowings; Type: TABLE DATA; Schema: public; Owner: postgres
--

COPY public.borrowings (id, book_id, member_id, borrow_date, return_date, status, created_at, updated_at) FROM stdin;
0041f03e-4154-49ca-b8ed-730b1a79e606	0cdc72a2-dde5-46fc-8e01-3d1c37ded926	20c7d2de-65e9-425f-83e0-b68f24369024	2024-11-21	2024-11-28	RETURNED	2025-01-23 20:37:16.844812	2025-01-23 20:37:16.844812
cd97b6e3-f02c-41c2-bd95-8d7bf721d514	148a955a-9710-4908-a335-fdd48abe21b2	4127c0f5-326f-4177-96a2-13353ea4ff83	2024-11-22	2024-11-29	RETURNED	2025-01-23 20:37:16.844812	2025-01-23 20:37:16.844812
de94746b-fe21-4ee8-92a4-01e3156ff0b6	1a718bda-c03c-4609-8fa1-0b6752446a33	49eb75b0-6c5a-455a-895e-fdbac851c030	2024-11-23	2024-11-30	RETURNED	2025-01-23 20:37:16.844812	2025-01-23 20:37:16.844812
7904ad5f-a834-421d-9407-b76268f01b99	2346aa50-87d3-4b96-8045-aa5226148071	5cfb0f6b-0851-4e77-afb1-f4790fc13667	2024-11-25	\N	BORROWED	2025-01-23 20:37:16.844812	2025-01-23 20:37:16.844812
1f5d2299-43b0-4620-997d-cecdaa114397	29847315-e960-4b30-ab96-b4f90b2c8607	5d9c8722-f754-49d2-a2f5-58f70fc9cb12	2024-11-26	2024-12-03	RETURNED	2025-01-23 20:37:16.844812	2025-01-23 20:37:16.844812
ef564ea0-6d22-4548-baa2-75b7758aa381	2bf5d7da-007b-4b31-b3a7-c9a31a050def	640952c4-050a-458f-95c0-af5110db544c	2024-11-27	\N	BORROWED	2025-01-23 20:37:16.844812	2025-01-23 20:37:16.844812
348bd893-71dd-499b-ba37-562c652bcfb1	2ff6e65a-9fec-4263-ae52-8fae82309c4b	78342026-f343-4e3c-a2ce-eae20597250f	2024-11-28	2024-12-05	RETURNED	2025-01-23 20:37:16.844812	2025-01-23 20:37:16.844812
60e70c0b-a8eb-4f71-826b-ef31bc729862	5fd75d3a-224a-4b9f-9265-350e8fb2a0e1	8338b516-9c6e-4479-bd58-69fea6a8c401	2024-11-29	\N	BORROWED	2025-01-23 20:37:16.844812	2025-01-23 20:37:16.844812
0f3bf6b0-8e88-4983-8301-5221f3648d39	7b03938a-4247-4d0b-b381-33536b45a701	9005fc78-12c2-48af-9edf-2a049a0cbefb	2024-11-30	2024-12-07	RETURNED	2025-01-23 20:37:16.844812	2025-01-23 20:37:16.844812
320aa98e-5055-40d2-af5d-2d688c7a0d20	7b0ba21d-a124-4d52-b76a-a869e42db5d5	9daf0589-8a11-43c0-abe3-214b721b0dcc	2024-12-01	\N	BORROWED	2025-01-23 20:37:16.844812	2025-01-23 20:37:16.844812
51ff2aac-86b1-4558-872c-caff104f3f60	7de4f213-6bdf-45bf-957a-01a4658b472a	a012b923-b5fc-4643-821d-83d6d6131e9c	2024-12-02	2024-12-09	RETURNED	2025-01-23 20:37:16.844812	2025-01-23 20:37:16.844812
cc8505d3-5f47-4dc8-b669-3629447d4553	aadc0aa4-2d78-447e-916a-c16f2b60800c	a983f88d-dd67-49c6-b070-9fbdd6cfac46	2024-12-03	\N	BORROWED	2025-01-23 20:37:16.844812	2025-01-23 20:37:16.844812
d1b3eb43-21e1-4b0f-b984-f31121cebb26	aaf42915-12f0-4e35-a1e8-62a4359b07ef	af36cd7f-91f5-4667-a2d3-75f31fe54774	2024-12-04	2024-12-11	RETURNED	2025-01-23 20:37:16.844812	2025-01-23 20:37:16.844812
4e3c92a5-88d0-4261-9cae-54659b205d85	d1118e87-2632-4985-80ac-e1b2d95222f6	b4bd0f62-16c2-4def-a032-17c2abd0aea6	2024-12-05	\N	BORROWED	2025-01-23 20:37:16.844812	2025-01-23 20:37:16.844812
8df96ed4-971f-417c-bbe6-a23f18fe1b2a	d3a1838a-c4d2-41b6-b6d7-e54b2e82edee	b81c35c9-3566-49fc-ae38-a6fcd409871e	2024-12-06	2024-12-13	RETURNED	2025-01-23 20:37:16.844812	2025-01-23 20:37:16.844812
814fdafe-df30-442a-afb5-5f0a1e4835d1	dc47e109-4d8e-48d1-99cd-5f760bca0fa6	c522e8b5-9d8a-4264-8b65-6395807e1bd4	2024-12-07	\N	BORROWED	2025-01-23 20:37:16.844812	2025-01-23 20:37:16.844812
3cfdc5c4-8f1b-4d10-8f0f-284425b075e4	ddbdff5e-7f46-48b3-8e52-1523f91d6d3a	d6d393d8-08ec-418d-a0fa-da9890041c67	2024-12-08	\N	BORROWED	2025-01-23 20:37:16.844812	2025-01-23 20:37:16.844812
ee4e6254-126b-4418-9d12-86f64e2e7cbd	e3601a90-44c0-4b7a-a5fb-ede88b9535e1	db29f201-c368-41ba-a53d-575756447182	2024-12-09	\N	BORROWED	2025-01-23 20:37:16.844812	2025-01-23 20:37:16.844812
f8f28f2f-112e-4cb0-bdfd-b8de10bd3972	e4139dc6-3a86-4ed2-a791-ab8c680c90ec	fa811ca8-c11b-4573-9641-7d2654eee092	2024-12-10	2024-12-17	RETURNED	2025-01-23 20:37:16.844812	2025-01-23 20:37:16.844812
604518f0-278b-4775-ad94-49653a5e3e38	e4139dc6-3a86-4ed2-a791-ab8c680c90ec	20c7d2de-65e9-425f-83e0-b68f24369024	2025-01-24	\N	BORROWED	2025-01-24 02:10:02.721984	2025-01-24 02:10:02.721984
f23b7796-7649-4401-a05b-0ae614d08e5c	e4139dc6-3a86-4ed2-a791-ab8c680c90ec	5cfb0f6b-0851-4e77-afb1-f4790fc13667	2025-01-24	\N	BORROWED	2025-01-24 02:24:08.410842	2025-01-24 02:24:08.410842
954ce60d-1b34-426b-8278-a5c19d9abc85	e4139dc6-3a86-4ed2-a791-ab8c680c90ec	5cfb0f6b-0851-4e77-afb1-f4790fc13667	2025-01-24	\N	BORROWED	2025-01-24 02:24:14.293134	2025-01-24 02:24:14.293134
b31b509a-a4c4-4641-8ec9-5c8f03b1c438	d1118e87-2632-4985-80ac-e1b2d95222f6	5cfb0f6b-0851-4e77-afb1-f4790fc13667	2025-01-24	\N	BORROWED	2025-01-24 02:24:41.457516	2025-01-24 02:24:41.457516
8d003630-e4b2-4f67-90e8-042f749821d9	d1118e87-2632-4985-80ac-e1b2d95222f6	5cfb0f6b-0851-4e77-afb1-f4790fc13667	2025-01-24	\N	BORROWED	2025-01-24 02:24:42.784085	2025-01-24 02:24:42.784085
ff2d757a-2667-4072-b5d7-ea8dbed8b8f2	d1118e87-2632-4985-80ac-e1b2d95222f6	5cfb0f6b-0851-4e77-afb1-f4790fc13667	2025-01-24	2025-01-24	RETURNED	2025-01-24 02:24:43.683184	2025-01-24 02:24:43.683184
fd9b44b4-d7d5-4760-849b-8f593a682002	1b14245b-4f4b-4f84-8cfa-02d50d30dd9a	4d844108-f560-4cd0-b622-590e42dd1d60	2024-11-24	2025-01-24	RETURNED	2025-01-23 20:37:16.844812	2025-01-23 20:37:16.844812
\.


-- Completed on 2025-01-24 12:55:10

--
-- PostgreSQL database dump complete
--

